customer_id,customer_name,city
1,Customer 1,Scranton
2,Customer 2,Nashua
3,Customer 3,New York
4,Customer 4,Scranton
5,Customer 5,Scranton
6,Customer 6,Nashua
7,Customer 7,Boston
8,Customer 8,New York
9,Customer 9,Boston
10,Customer 10,Nashua
11,Customer 11,Nashua
12,Customer 12,Nashua
13,Customer 13,Boston
14,Customer 14,Nashua
15,Customer 15,Stamford
16,Customer 16,Nashua
17,Customer 17,Boston
18,Customer 18,Nashua
19,Customer 19,Stamford
20,Customer 20,Boston
21,Customer 21,Nashua
22,Customer 22,New York
23,Customer 23,Nashua
24,Customer 24,Scranton
25,Customer 25,New York
26,Customer 26,New York
27,Customer 27,Scranton
28,Customer 28,Stamford
29,Customer 29,Scranton
30,Customer 30,Boston
31,Customer 31,Stamford
32,Customer 32,Nashua
33,Customer 33,Nashua
34,Customer 34,Scranton
35,Customer 35,Stamford
36,Customer 36,Nashua
37,Customer 37,New York
38,Customer 38,Nashua
39,Customer 39,Boston
40,Customer 40,New York
41,Customer 41,Nashua
42,Customer 42,Nashua
43,Customer 43,New York
44,Customer 44,Nashua
45,Customer 45,Boston
46,Customer 46,New York
47,Customer 47,Stamford
48,Customer 48,Scranton
49,Customer 49,Nashua
50,Customer 50,New York
51,Customer 51,New York
52,Customer 52,Boston
53,Customer 53,New York
54,Customer 54,Boston
55,Customer 55,Nashua
56,Customer 56,Scranton
57,Customer 57,Nashua
58,Customer 58,New York
59,Customer 59,Scranton
60,Customer 60,Nashua
61,Customer 61,New York
62,Customer 62,Boston
63,Customer 63,Scranton
64,Customer 64,Nashua
65,Customer 65,Boston
66,Customer 66,Scranton
67,Customer 67,Boston
68,Customer 68,Stamford
69,Customer 69,Scranton
70,Customer 70,Nashua
71,Customer 71,Stamford
72,Customer 72,Boston
73,Customer 73,Stamford
74,Customer 74,Stamford
75,Customer 75,Boston
76,Customer 76,New York
77,Customer 77,Boston
78,Customer 78,Boston
79,Customer 79,Nashua
80,Customer 80,Stamford
81,Customer 81,New York
82,Customer 82,Boston
83,Customer 83,New York
84,Customer 84,Stamford
85,Customer 85,New York
86,Customer 86,Nashua
87,Customer 87,Nashua
88,Customer 88,Scranton
89,Customer 89,New York
90,Customer 90,Scranton
91,Customer 91,Nashua
92,Customer 92,Nashua
93,Customer 93,Scranton
94,Customer 94,New York
95,Customer 95,Boston
96,Customer 96,New York
97,Customer 97,New York
98,Customer 98,Scranton
99,Customer 99,Scranton
100,Customer 100,Stamford
101,Customer 101,Nashua
102,Customer 102,New York
103,Customer 103,Nashua
104,Customer 104,Nashua
105,Customer 105,Nashua
106,Customer 106,Boston
107,Customer 107,Boston
108,Customer 108,Nashua
109,Customer 109,Nashua
110,Customer 110,New York
111,Customer 111,Boston
112,Customer 112,New York
113,Customer 113,New York
114,Customer 114,New York
115,Customer 115,Nashua
116,Customer 116,Nashua
117,Customer 117,New York
118,Customer 118,Nashua
119,Customer 119,Boston
120,Customer 120,Scranton
121,Customer 121,Scranton
122,Customer 122,New York
123,Customer 123,Scranton
124,Customer 124,Stamford
125,Customer 125,Stamford
126,Customer 126,Scranton
127,Customer 127,Stamford
128,Customer 128,Nashua
129,Customer 129,Scranton
130,Customer 130,Stamford
131,Customer 131,New York
132,Customer 132,Boston
133,Customer 133,Stamford
134,Customer 134,New York
135,Customer 135,Nashua
136,Customer 136,New York
137,Customer 137,Scranton
138,Customer 138,Boston
139,Customer 139,Stamford
140,Customer 140,Scranton
141,Customer 141,Scranton
142,Customer 142,Boston
143,Customer 143,Nashua
144,Customer 144,Boston
145,Customer 145,Boston
146,Customer 146,New York
147,Customer 147,New York
148,Customer 148,New York
149,Customer 149,New York
150,Customer 150,Stamford
151,Customer 151,Scranton
152,Customer 152,Stamford
153,Customer 153,Scranton
154,Customer 154,New York
155,Customer 155,Boston
156,Customer 156,Nashua
157,Customer 157,Scranton
158,Customer 158,Scranton
159,Customer 159,Scranton
160,Customer 160,New York
161,Customer 161,Stamford
162,Customer 162,Scranton
163,Customer 163,New York
164,Customer 164,Scranton
165,Customer 165,Scranton
166,Customer 166,Boston
167,Customer 167,Scranton
168,Customer 168,New York
169,Customer 169,Boston
170,Customer 170,Boston
171,Customer 171,Stamford
172,Customer 172,Stamford
173,Customer 173,New York
174,Customer 174,Scranton
175,Customer 175,Scranton
176,Customer 176,New York
177,Customer 177,Boston
178,Customer 178,New York
179,Customer 179,Scranton
180,Customer 180,Boston
181,Customer 181,Nashua
182,Customer 182,Scranton
183,Customer 183,Stamford
184,Customer 184,New York
185,Customer 185,Scranton
186,Customer 186,Scranton
187,Customer 187,Boston
188,Customer 188,Scranton
189,Customer 189,New York
190,Customer 190,Scranton
191,Customer 191,Nashua
192,Customer 192,Boston
193,Customer 193,Scranton
194,Customer 194,New York
195,Customer 195,Nashua
196,Customer 196,Stamford
197,Customer 197,Nashua
198,Customer 198,Scranton
199,Customer 199,Scranton
200,Customer 200,Scranton
201,Customer 201,Boston
202,Customer 202,Scranton
203,Customer 203,Boston
204,Customer 204,Scranton
205,Customer 205,Nashua
206,Customer 206,Boston
207,Customer 207,Nashua
208,Customer 208,Stamford
209,Customer 209,New York
210,Customer 210,Boston
211,Customer 211,Nashua
212,Customer 212,Nashua
213,Customer 213,Stamford
214,Customer 214,Nashua
215,Customer 215,Nashua
216,Customer 216,New York
217,Customer 217,Nashua
218,Customer 218,New York
219,Customer 219,Scranton
220,Customer 220,Boston
221,Customer 221,Stamford
222,Customer 222,New York
223,Customer 223,Nashua
224,Customer 224,Nashua
225,Customer 225,Scranton
226,Customer 226,Scranton
227,Customer 227,New York
228,Customer 228,Stamford
229,Customer 229,New York
230,Customer 230,Boston
231,Customer 231,Nashua
232,Customer 232,Scranton
233,Customer 233,Scranton
234,Customer 234,Boston
235,Customer 235,Nashua
236,Customer 236,New York
237,Customer 237,New York
238,Customer 238,Scranton
239,Customer 239,Nashua
240,Customer 240,Nashua
241,Customer 241,Stamford
242,Customer 242,Stamford
243,Customer 243,Boston
244,Customer 244,Scranton
245,Customer 245,Stamford
246,Customer 246,Scranton
247,Customer 247,Nashua
248,Customer 248,Scranton
249,Customer 249,Boston
250,Customer 250,Scranton
251,Customer 251,Nashua
252,Customer 252,Scranton
253,Customer 253,Scranton
254,Customer 254,Stamford
255,Customer 255,Nashua
256,Customer 256,Scranton
257,Customer 257,Stamford
258,Customer 258,Nashua
259,Customer 259,New York
260,Customer 260,Scranton
261,Customer 261,Scranton
262,Customer 262,Stamford
263,Customer 263,Boston
264,Customer 264,New York
265,Customer 265,Nashua
266,Customer 266,New York
267,Customer 267,Boston
268,Customer 268,Stamford
269,Customer 269,New York
270,Customer 270,Stamford
271,Customer 271,New York
272,Customer 272,Nashua
273,Customer 273,Stamford
274,Customer 274,Stamford
275,Customer 275,Nashua
276,Customer 276,Scranton
277,Customer 277,Nashua
278,Customer 278,New York
279,Customer 279,Stamford
280,Customer 280,Nashua
281,Customer 281,Boston
282,Customer 282,Nashua
283,Customer 283,New York
284,Customer 284,Boston
285,Customer 285,Boston
286,Customer 286,Stamford
287,Customer 287,Scranton
288,Customer 288,Nashua
289,Customer 289,Scranton
290,Customer 290,New York
291,Customer 291,Stamford
292,Customer 292,Nashua
293,Customer 293,Boston
294,Customer 294,Nashua
295,Customer 295,Boston
296,Customer 296,Nashua
297,Customer 297,Nashua
298,Customer 298,Boston
299,Customer 299,Nashua
300,Customer 300,Nashua
301,Customer 301,Boston
302,Customer 302,Nashua
303,Customer 303,Nashua
304,Customer 304,Scranton
305,Customer 305,Boston
306,Customer 306,Boston
307,Customer 307,Boston
308,Customer 308,Nashua
309,Customer 309,Stamford
310,Customer 310,Scranton
311,Customer 311,Nashua
312,Customer 312,Boston
313,Customer 313,Scranton
314,Customer 314,New York
315,Customer 315,Scranton
316,Customer 316,Stamford
317,Customer 317,Scranton
318,Customer 318,Nashua
319,Customer 319,Nashua
320,Customer 320,Stamford
321,Customer 321,Nashua
322,Customer 322,Boston
323,Customer 323,Scranton
324,Customer 324,New York
325,Customer 325,Boston
326,Customer 326,New York
327,Customer 327,Scranton
328,Customer 328,Boston
329,Customer 329,Nashua
330,Customer 330,Nashua
331,Customer 331,Nashua
332,Customer 332,Nashua
333,Customer 333,New York
334,Customer 334,Scranton
335,Customer 335,New York
336,Customer 336,Stamford
337,Customer 337,Boston
338,Customer 338,Nashua
339,Customer 339,Boston
340,Customer 340,Nashua
341,Customer 341,Stamford
342,Customer 342,Boston
343,Customer 343,New York
344,Customer 344,Scranton
345,Customer 345,Boston
346,Customer 346,Nashua
347,Customer 347,New York
348,Customer 348,Scranton
349,Customer 349,Stamford
350,Customer 350,New York
351,Customer 351,New York
352,Customer 352,Boston
353,Customer 353,Stamford
354,Customer 354,Scranton
355,Customer 355,Boston
356,Customer 356,Scranton
357,Customer 357,Nashua
358,Customer 358,Boston
359,Customer 359,Boston
360,Customer 360,Nashua
361,Customer 361,New York
362,Customer 362,Nashua
363,Customer 363,New York
364,Customer 364,Stamford
365,Customer 365,Boston
366,Customer 366,Boston
367,Customer 367,Boston
368,Customer 368,Scranton
369,Customer 369,Boston
370,Customer 370,Scranton
371,Customer 371,New York
372,Customer 372,New York
373,Customer 373,New York
374,Customer 374,Scranton
375,Customer 375,Nashua
376,Customer 376,New York
377,Customer 377,Boston
378,Customer 378,Scranton
379,Customer 379,Nashua
380,Customer 380,Nashua
381,Customer 381,Scranton
382,Customer 382,New York
383,Customer 383,Nashua
384,Customer 384,Nashua
385,Customer 385,Nashua
386,Customer 386,Nashua
387,Customer 387,Boston
388,Customer 388,New York
389,Customer 389,Boston
390,Customer 390,Nashua
391,Customer 391,Nashua
392,Customer 392,New York
393,Customer 393,Scranton
394,Customer 394,Scranton
395,Customer 395,Stamford
396,Customer 396,New York
397,Customer 397,Scranton
398,Customer 398,Nashua
399,Customer 399,Scranton
400,Customer 400,Nashua
401,Customer 401,Stamford
402,Customer 402,Scranton
403,Customer 403,Nashua
404,Customer 404,Stamford
405,Customer 405,Stamford
406,Customer 406,Scranton
407,Customer 407,Boston
408,Customer 408,Boston
409,Customer 409,Stamford
410,Customer 410,Boston
411,Customer 411,Nashua
412,Customer 412,Scranton
413,Customer 413,New York
414,Customer 414,Scranton
415,Customer 415,Nashua
416,Customer 416,Nashua
417,Customer 417,Boston
418,Customer 418,Boston
419,Customer 419,Nashua
420,Customer 420,Scranton
421,Customer 421,Nashua
422,Customer 422,Stamford
423,Customer 423,Boston
424,Customer 424,Nashua
425,Customer 425,Nashua
426,Customer 426,New York
427,Customer 427,Stamford
428,Customer 428,Scranton
429,Customer 429,New York
430,Customer 430,Scranton
431,Customer 431,Nashua
432,Customer 432,Scranton
433,Customer 433,Nashua
434,Customer 434,Nashua
435,Customer 435,New York
436,Customer 436,Stamford
437,Customer 437,New York
438,Customer 438,Nashua
439,Customer 439,Scranton
440,Customer 440,Stamford
441,Customer 441,Scranton
442,Customer 442,New York
443,Customer 443,Nashua
444,Customer 444,Scranton
445,Customer 445,Scranton
446,Customer 446,Stamford
447,Customer 447,Boston
448,Customer 448,Scranton
449,Customer 449,Nashua
450,Customer 450,Scranton
451,Customer 451,New York
452,Customer 452,Nashua
453,Customer 453,Stamford
454,Customer 454,Boston
455,Customer 455,Stamford
456,Customer 456,Nashua
457,Customer 457,Nashua
458,Customer 458,Nashua
459,Customer 459,Nashua
460,Customer 460,New York
461,Customer 461,Scranton
462,Customer 462,New York
463,Customer 463,Scranton
464,Customer 464,New York
465,Customer 465,Nashua
466,Customer 466,New York
467,Customer 467,Boston
468,Customer 468,New York
469,Customer 469,Scranton
470,Customer 470,Nashua
471,Customer 471,Nashua
472,Customer 472,Stamford
473,Customer 473,Stamford
474,Customer 474,Nashua
475,Customer 475,Boston
476,Customer 476,New York
477,Customer 477,Stamford
478,Customer 478,Scranton
479,Customer 479,New York
480,Customer 480,Boston
481,Customer 481,Stamford
482,Customer 482,Boston
483,Customer 483,Nashua
484,Customer 484,New York
485,Customer 485,New York
486,Customer 486,Nashua
487,Customer 487,Boston
488,Customer 488,Boston
489,Customer 489,New York
490,Customer 490,Boston
491,Customer 491,Boston
492,Customer 492,New York
493,Customer 493,Boston
494,Customer 494,Scranton
495,Customer 495,Nashua
496,Customer 496,Stamford
497,Customer 497,Boston
498,Customer 498,Scranton
499,Customer 499,Scranton
500,Customer 500,Scranton
501,Customer 501,Stamford
502,Customer 502,New York
503,Customer 503,Boston
504,Customer 504,New York
505,Customer 505,Stamford
506,Customer 506,Boston
507,Customer 507,Scranton
508,Customer 508,Scranton
509,Customer 509,Nashua
510,Customer 510,Stamford
511,Customer 511,Scranton
512,Customer 512,New York
513,Customer 513,Scranton
514,Customer 514,Boston
515,Customer 515,Scranton
516,Customer 516,Boston
517,Customer 517,Nashua
518,Customer 518,Scranton
519,Customer 519,Nashua
520,Customer 520,Stamford
521,Customer 521,New York
522,Customer 522,Boston
523,Customer 523,Nashua
524,Customer 524,Boston
525,Customer 525,Nashua
526,Customer 526,Stamford
527,Customer 527,Boston
528,Customer 528,Nashua
529,Customer 529,Boston
530,Customer 530,Boston
531,Customer 531,Nashua
532,Customer 532,Boston
533,Customer 533,Scranton
534,Customer 534,Stamford
535,Customer 535,Boston
536,Customer 536,Stamford
537,Customer 537,Stamford
538,Customer 538,New York
539,Customer 539,Nashua
540,Customer 540,Nashua
541,Customer 541,Nashua
542,Customer 542,New York
543,Customer 543,Scranton
544,Customer 544,Nashua
545,Customer 545,Nashua
546,Customer 546,Nashua
547,Customer 547,Nashua
548,Customer 548,Nashua
549,Customer 549,Boston
550,Customer 550,Scranton
551,Customer 551,Nashua
552,Customer 552,Scranton
553,Customer 553,Stamford
554,Customer 554,Scranton
555,Customer 555,Scranton
556,Customer 556,New York
557,Customer 557,Boston
558,Customer 558,Scranton
559,Customer 559,Stamford
560,Customer 560,Scranton
561,Customer 561,Boston
562,Customer 562,Stamford
563,Customer 563,Stamford
564,Customer 564,Boston
565,Customer 565,Stamford
566,Customer 566,Nashua
567,Customer 567,Nashua
568,Customer 568,Boston
569,Customer 569,Scranton
570,Customer 570,Stamford
571,Customer 571,Stamford
572,Customer 572,New York
573,Customer 573,Nashua
574,Customer 574,New York
575,Customer 575,Nashua
576,Customer 576,Boston
577,Customer 577,Nashua
578,Customer 578,Scranton
579,Customer 579,Nashua
580,Customer 580,New York
581,Customer 581,Scranton
582,Customer 582,Boston
583,Customer 583,Scranton
584,Customer 584,Boston
585,Customer 585,New York
586,Customer 586,Stamford
587,Customer 587,Stamford
588,Customer 588,Boston
589,Customer 589,Scranton
590,Customer 590,Nashua
591,Customer 591,Scranton
592,Customer 592,Boston
593,Customer 593,New York
594,Customer 594,New York
595,Customer 595,New York
596,Customer 596,New York
597,Customer 597,Boston
598,Customer 598,Scranton
599,Customer 599,New York
600,Customer 600,Scranton
601,Customer 601,Stamford
602,Customer 602,Boston
603,Customer 603,Boston
604,Customer 604,Scranton
605,Customer 605,Boston
606,Customer 606,Nashua
607,Customer 607,Stamford
608,Customer 608,Nashua
609,Customer 609,Nashua
610,Customer 610,Nashua
611,Customer 611,Boston
612,Customer 612,Stamford
613,Customer 613,Boston
614,Customer 614,Stamford
615,Customer 615,Nashua
616,Customer 616,Nashua
617,Customer 617,Scranton
618,Customer 618,Boston
619,Customer 619,Scranton
620,Customer 620,Scranton
621,Customer 621,Scranton
622,Customer 622,New York
623,Customer 623,Scranton
624,Customer 624,Scranton
625,Customer 625,Boston
626,Customer 626,Nashua
627,Customer 627,Stamford
628,Customer 628,Nashua
629,Customer 629,New York
630,Customer 630,Nashua
631,Customer 631,Scranton
632,Customer 632,Stamford
633,Customer 633,Nashua
634,Customer 634,Stamford
635,Customer 635,Scranton
636,Customer 636,Nashua
637,Customer 637,Stamford
638,Customer 638,Boston
639,Customer 639,Boston
640,Customer 640,New York
641,Customer 641,Nashua
642,Customer 642,Stamford
643,Customer 643,Scranton
644,Customer 644,Boston
645,Customer 645,Boston
646,Customer 646,Nashua
647,Customer 647,Nashua
648,Customer 648,New York
649,Customer 649,Boston
650,Customer 650,Nashua
651,Customer 651,Nashua
652,Customer 652,Nashua
653,Customer 653,Scranton
654,Customer 654,Scranton
655,Customer 655,New York
656,Customer 656,Nashua
657,Customer 657,Nashua
658,Customer 658,Nashua
659,Customer 659,Nashua
660,Customer 660,New York
661,Customer 661,Nashua
662,Customer 662,Nashua
663,Customer 663,Scranton
664,Customer 664,Scranton
665,Customer 665,Stamford
666,Customer 666,Nashua
667,Customer 667,New York
668,Customer 668,New York
669,Customer 669,Nashua
670,Customer 670,Boston
671,Customer 671,Scranton
672,Customer 672,Scranton
673,Customer 673,Boston
674,Customer 674,Boston
675,Customer 675,Nashua
676,Customer 676,Nashua
677,Customer 677,New York
678,Customer 678,Nashua
679,Customer 679,Boston
680,Customer 680,New York
681,Customer 681,Stamford
682,Customer 682,Nashua
683,Customer 683,Stamford
684,Customer 684,New York
685,Customer 685,Boston
686,Customer 686,Stamford
687,Customer 687,Nashua
688,Customer 688,Scranton
689,Customer 689,Nashua
690,Customer 690,New York
691,Customer 691,Nashua
692,Customer 692,Boston
693,Customer 693,New York
694,Customer 694,Boston
695,Customer 695,Nashua
696,Customer 696,Nashua
697,Customer 697,Scranton
698,Customer 698,Scranton
699,Customer 699,Stamford
700,Customer 700,Boston
701,Customer 701,Boston
702,Customer 702,Boston
703,Customer 703,Boston
704,Customer 704,Nashua
705,Customer 705,Scranton
706,Customer 706,Stamford
707,Customer 707,Nashua
708,Customer 708,Scranton
709,Customer 709,Boston
710,Customer 710,Boston
711,Customer 711,New York
712,Customer 712,Stamford
713,Customer 713,Stamford
714,Customer 714,Boston
715,Customer 715,New York
716,Customer 716,Boston
717,Customer 717,Stamford
718,Customer 718,Stamford
719,Customer 719,New York
720,Customer 720,Scranton
721,Customer 721,Stamford
722,Customer 722,Scranton
723,Customer 723,Nashua
724,Customer 724,Stamford
725,Customer 725,Scranton
726,Customer 726,Scranton
727,Customer 727,Boston
728,Customer 728,Stamford
729,Customer 729,Nashua
730,Customer 730,Stamford
731,Customer 731,Boston
732,Customer 732,New York
733,Customer 733,Stamford
734,Customer 734,Stamford
735,Customer 735,Scranton
736,Customer 736,Nashua
737,Customer 737,New York
738,Customer 738,Scranton
739,Customer 739,Nashua
740,Customer 740,Nashua
741,Customer 741,Scranton
742,Customer 742,Nashua
743,Customer 743,Scranton
744,Customer 744,Scranton
745,Customer 745,Stamford
746,Customer 746,Boston
747,Customer 747,Nashua
748,Customer 748,New York
749,Customer 749,Stamford
750,Customer 750,Boston
751,Customer 751,Scranton
752,Customer 752,Stamford
753,Customer 753,Boston
754,Customer 754,Stamford
755,Customer 755,Scranton
756,Customer 756,Nashua
757,Customer 757,Boston
758,Customer 758,Scranton
759,Customer 759,Nashua
760,Customer 760,Nashua
761,Customer 761,Scranton
762,Customer 762,Nashua
763,Customer 763,Nashua
764,Customer 764,Scranton
765,Customer 765,Boston
766,Customer 766,Nashua
767,Customer 767,Scranton
768,Customer 768,Boston
769,Customer 769,Stamford
770,Customer 770,Stamford
771,Customer 771,Nashua
772,Customer 772,New York
773,Customer 773,Stamford
774,Customer 774,Boston
775,Customer 775,Scranton
776,Customer 776,Boston
777,Customer 777,Scranton
778,Customer 778,New York
779,Customer 779,Nashua
780,Customer 780,New York
781,Customer 781,Boston
782,Customer 782,Boston
783,Customer 783,Boston
784,Customer 784,Boston
785,Customer 785,Scranton
786,Customer 786,Stamford
787,Customer 787,Scranton
788,Customer 788,Nashua
789,Customer 789,Nashua
790,Customer 790,Nashua
791,Customer 791,Nashua
792,Customer 792,Scranton
793,Customer 793,Boston
794,Customer 794,New York
795,Customer 795,New York
796,Customer 796,Stamford
797,Customer 797,Boston
798,Customer 798,Stamford
799,Customer 799,Scranton
800,Customer 800,New York
801,Customer 801,Scranton
802,Customer 802,Scranton
803,Customer 803,Stamford
804,Customer 804,Scranton
805,Customer 805,Nashua
806,Customer 806,Nashua
807,Customer 807,Stamford
808,Customer 808,Scranton
809,Customer 809,Scranton
810,Customer 810,Nashua
811,Customer 811,Scranton
812,Customer 812,Nashua
813,Customer 813,Scranton
814,Customer 814,Scranton
815,Customer 815,Boston
816,Customer 816,Boston
817,Customer 817,Scranton
818,Customer 818,Scranton
819,Customer 819,Scranton
820,Customer 820,Scranton
821,Customer 821,Nashua
822,Customer 822,Scranton
823,Customer 823,Boston
824,Customer 824,Nashua
825,Customer 825,New York
826,Customer 826,New York
827,Customer 827,Scranton
828,Customer 828,New York
829,Customer 829,Nashua
830,Customer 830,Nashua
831,Customer 831,Stamford
832,Customer 832,New York
833,Customer 833,Scranton
834,Customer 834,New York
835,Customer 835,Stamford
836,Customer 836,Boston
837,Customer 837,New York
838,Customer 838,Stamford
839,Customer 839,Boston
840,Customer 840,Nashua
841,Customer 841,New York
842,Customer 842,New York
843,Customer 843,Nashua
844,Customer 844,New York
845,Customer 845,New York
846,Customer 846,Nashua
847,Customer 847,Nashua
848,Customer 848,Stamford
849,Customer 849,Stamford
850,Customer 850,New York
851,Customer 851,Nashua
852,Customer 852,Stamford
853,Customer 853,New York
854,Customer 854,Scranton
855,Customer 855,Boston
856,Customer 856,Nashua
857,Customer 857,Scranton
858,Customer 858,Nashua
859,Customer 859,Scranton
860,Customer 860,New York
861,Customer 861,New York
862,Customer 862,Scranton
863,Customer 863,Nashua
864,Customer 864,Nashua
865,Customer 865,Stamford
866,Customer 866,Stamford
867,Customer 867,Boston
868,Customer 868,Nashua
869,Customer 869,Scranton
870,Customer 870,Stamford
871,Customer 871,Nashua
872,Customer 872,Stamford
873,Customer 873,Stamford
874,Customer 874,New York
875,Customer 875,New York
876,Customer 876,Nashua
877,Customer 877,New York
878,Customer 878,Nashua
879,Customer 879,Nashua
880,Customer 880,Scranton
881,Customer 881,Nashua
882,Customer 882,New York
883,Customer 883,Nashua
884,Customer 884,Nashua
885,Customer 885,Nashua
886,Customer 886,Scranton
887,Customer 887,Boston
888,Customer 888,Nashua
889,Customer 889,Stamford
890,Customer 890,Nashua
891,Customer 891,Stamford
892,Customer 892,Scranton
893,Customer 893,Boston
894,Customer 894,Boston
895,Customer 895,Nashua
896,Customer 896,Boston
897,Customer 897,New York
898,Customer 898,Scranton
899,Customer 899,Boston
900,Customer 900,Scranton
901,Customer 901,New York
902,Customer 902,Scranton
903,Customer 903,Boston
904,Customer 904,Scranton
905,Customer 905,Stamford
906,Customer 906,Stamford
907,Customer 907,New York
908,Customer 908,Scranton
909,Customer 909,Scranton
910,Customer 910,Nashua
911,Customer 911,Nashua
912,Customer 912,Nashua
913,Customer 913,New York
914,Customer 914,Stamford
915,Customer 915,Scranton
916,Customer 916,Boston
917,Customer 917,Boston
918,Customer 918,New York
919,Customer 919,Boston
920,Customer 920,Scranton
921,Customer 921,Nashua
922,Customer 922,Nashua
923,Customer 923,Boston
924,Customer 924,New York
925,Customer 925,Nashua
926,Customer 926,Nashua
927,Customer 927,Scranton
928,Customer 928,Boston
929,Customer 929,New York
930,Customer 930,Scranton
931,Customer 931,Boston
932,Customer 932,New York
933,Customer 933,New York
934,Customer 934,Stamford
935,Customer 935,Nashua
936,Customer 936,New York
937,Customer 937,Boston
938,Customer 938,Boston
939,Customer 939,Nashua
940,Customer 940,Boston
941,Customer 941,New York
942,Customer 942,Boston
943,Customer 943,Nashua
944,Customer 944,Nashua
945,Customer 945,New York
946,Customer 946,Stamford
947,Customer 947,Stamford
948,Customer 948,New York
949,Customer 949,Stamford
950,Customer 950,Nashua
951,Customer 951,Nashua
952,Customer 952,Scranton
953,Customer 953,Stamford
954,Customer 954,Boston
955,Customer 955,Stamford
956,Customer 956,New York
957,Customer 957,New York
958,Customer 958,New York
959,Customer 959,Boston
960,Customer 960,Boston
961,Customer 961,Scranton
962,Customer 962,Nashua
963,Customer 963,Nashua
964,Customer 964,Scranton
965,Customer 965,New York
966,Customer 966,Scranton
967,Customer 967,Stamford
968,Customer 968,Scranton
969,Customer 969,Nashua
970,Customer 970,Boston
971,Customer 971,Scranton
972,Customer 972,New York
973,Customer 973,Nashua
974,Customer 974,Boston
975,Customer 975,New York
976,Customer 976,Stamford
977,Customer 977,Scranton
978,Customer 978,Nashua
979,Customer 979,Scranton
980,Customer 980,Nashua
981,Customer 981,Nashua
982,Customer 982,Scranton
983,Customer 983,Stamford
984,Customer 984,Boston
985,Customer 985,New York
986,Customer 986,Nashua
987,Customer 987,Scranton
988,Customer 988,Nashua
989,Customer 989,Boston
990,Customer 990,Nashua
991,Customer 991,Scranton
992,Customer 992,Nashua
993,Customer 993,Stamford
994,Customer 994,Scranton
995,Customer 995,New York
996,Customer 996,Boston
997,Customer 997,Stamford
998,Customer 998,Boston
999,Customer 999,New York
1000,Customer 1000,Nashua
